Cell_Type	Target_Mean	Control_Mean	Fold_Change
neurons	0.09485226572345484	0.6127893753600996	0.273365839137285
keratinocytes	0.47940058436317123	0.34998576050401176	1.2875975980088945
beta_cells	0.2522200918547509	0.901860936379283	0.3515658501744477
hepatocytes	0.7493944456997002	0.21510678282291262	2.695576521997791
T_cells	0.5630951305382879	0.20578490727999588	2.168501828414691
cardiomyocytes	0.06812277579799919	0.12474847812975653	0.7480485616500371
