metric,x_mean,x_std,auto_mean,auto_std,fold_change,percent_difference
length,188.98910625821452,13622.533466587503,316.42088474016185,17806.175004376677,0.5972712781376881,-40.2728721862312
period,15.761065615205744,29.84623056017268,28.44381128116068,51.72221137364619,0.5541122973785458,-44.58877026214542
copies,10.372414821554948,71.832168583166,11.782841275009948,96.2120041796033,0.8802982726716049,-11.970172732839517
score,130.58403093721566,5533.218122455279,239.6093503141696,9821.677078710234,0.544987208412348,-45.50127915876519
entropy,34.73376301688403,27.553354725982008,33.224610152321,27.46576921914033,1.0454227410839194,4.542274108391935
