Category,Count,Percentage,Mean_oe_ratio,Mean_conservation
Total motifs,1280,100.0,0.01584618046875,0.680898678542865
CG motifs,291,22.734375,0.007089395189003436,
Non-CG motifs,989,77.265625,0.01842274721941355,0.6808986785428649
Evolutionary forbidden,11,0.8593750000000001,,0.768
CG in evolutionary forbidden,0,0.0,,
